Name,Age,Race,Gender
Miraesglynjor Leafyew,30,Half Orc,Male
Urnel Valedell,83,Halfling,Female
Tantar Fieldhollow,45,Elf,Male
Falsyn Vinestream,45,Elf,Female
Nelhark Meadowstar,1,Gnome,Male
Nasthornlun Nestforge,30,Gnome,Female
Aesaesthornnas Orchardreeds,42,Thiefling,Female
Quilfal Lochreeds,88,Human,Male
Urnperionzor Roostheath,48,Dragonborn,Male
Rinarnornyx Frostquill,9,Thiefling,Male
Aesmornthornvan Brambleriver,40,Halfling,Female
Vankethseld Hillwold,96,Elf,Male
Seldtanmarsil Brookbrook,48,Halfling,Female
Lunnas Vineoak,11,Gnome,Female
Harkurn Woldnest,42,Gnome,Female
Mornion Frostisle,65,Halfling,Female
Rinheljoryel Thornwall,43,Halfling,Male
Marrafey Heartwind,34,Half Orc,Female
Silsynsyn Riverbramble,58,Halfling,Male
Elen Nestheart,16,Dwarf,Male
Nyxromoran Streamorchard,80,Dwarf,Male
Kallimtarmar Hillzephyr,24,Dwarf,Male
Artarsyn Glencrag,61,Human,Male
Enperketh Nestoak,98,Thiefling,Female
Lunkalrinwol Ridgepine,91,Halfling,Male
Mornnelion Frostthorn,2,Dragonborn,Male
Zorglynquenketh Valetower,99,Dwarf,Male
Lorlorranor Fieldreeds,36,Elf,Male
Garbrynvarrath Thornisle,33,Dwarf,Male
Seldtharrath Heathcrag,6,Half Orc,Female
Aesion Zephyrvale,26,Half Orc,Male
Nyxmornzorbel Marshstone,59,Half Elf,Male
Yelrathfin Reedsstar,40,Dragonborn,Female
Marsyn Mirewind,70,Halfling,Female
Drakmar Tarnmire,9,Dwarf,Male
Perionfin Wardpine,14,Elf,Male
Arkalwol Starfield,46,Thiefling,Female
Nyxdrak Roostquill,97,Human,Male
Synquilharklim Quillgrove,86,Dwarf,Female
Quenperquen Heathzephyr,37,Half Orc,Male
Arjorharkbel Marshlight,69,Thiefling,Female
Urntanyelhark Roostforge,23,Dwarf,Male
Nelwenzor Tarnpeak,68,Gnome,Male
Wynra Shadeash,29,Half Orc,Female
Drakmorionel Fieldpaddock,6,Halfling,Male
Nyxsyndor Cragorchard,93,Gnome,Female
Zormorn Woodstone,64,Halfling,Female
Morrarador Quillash,20,Dwarf,Female
Arfinmir Islefrost,30,Half Elf,Female
Mirquilrafal Thornvale,59,Half Elf,Female
Limharkzorlor Pineriver,25,Elf,Female
Seldtar Vinepeak,72,Human,Male
Falharktan Vinevale,1,Elf,Male
Zorralunrond Knollwood,21,Elf,Female
Synsynthorn Fallisle,24,Half Orc,Female
Mirwyn Vinecrag,20,Dragonborn,Female
Lorpyrro Tarnward,47,Dragonborn,Male
Nyxthar Holloworchard,24,Elf,Female
Marfinarrath Forgetor,99,Halfling,Male
Norrinsyn Isleorchard,86,Dragonborn,Female
Thornmorlun Peakpaddock,67,Thiefling,Male
Perquil Riverriver,97,Thiefling,Male
Wenwynnelion Heartyew,32,Half Elf,Male
Nyxbel Bramblewind,83,Thiefling,Male
Garrinaesmir Paddockbramble,74,Thiefling,Male
Yelfinfeyrath Lightridge,4,Gnome,Female
Vanbelrond Torfern,2,Dwarf,Male
Mirsynrin Holloworchard,73,Dragonborn,Male
Thornfeytan Lochleaf,54,Thiefling,Female
Roaes Grovethorn,65,Dwarf,Female
Quenraquenper Knollbrook,21,Thiefling,Female
Pyrglynvar Stonestar,9,Half Orc,Female
Urnnormorvar Lochbrook,31,Dwarf,Female
Nyxbrynranor Knollwood,34,Gnome,Female
Rothornfin Pinewind,63,Gnome,Male
Garquilquenvan Reedsbrook,57,Thiefling,Female
Pyrbelvar Heartnorth,46,Dwarf,Female
Silquenquenro Fallvale,22,Halfling,Female
Nortansil Paddockzephyr,75,Gnome,Female
Vyryel Stonezephyr,90,Human,Male
Elbryn Fernnest,31,Human,Male
Drakfal Fieldforge,46,Dwarf,Female
Artan Fallvale,45,Half Orc,Male
Falnassynnas Glenknoll,18,Half Elf,Female
Dorlundrak Brambledell,27,Half Elf,Male
Rondrond Cragfall,37,Half Elf,Male
Vanjordrak Woldbrook,53,Dragonborn,Male
Helwenthorn Leafvale,53,Elf,Male
Glynlimelnor Knollorchard,28,Dragonborn,Female
Rathfinlor Hollowthorn,64,Elf,Male
Pyrarthar Valetarn,33,Half Elf,Male
Nornyxvyr Pinefall,7,Thiefling,Female
Mordraknor Streamstar,91,Dwarf,Female
Yellimnas Heartwheat,59,Gnome,Male
Entarwynquil Reedsnest,77,Halfling,Female
Nelzor Peakpaddock,10,Dragonborn,Female
Tarlor Towercrag,74,Halfling,Female
Harkrasynurn Streambramble,96,Thiefling,Male
Dorurn Peakpeak,55,Gnome,Male
Yelfeyseldrond Quillstone,31,Halfling,Male
